{
  "flops_profiler": {
    "enabled": false,
    "profile_step": 1,
    "module_depth": -1,
    "top_modules": 1,
    "detailed": true,
    "output_file": null
	},
	"train_batch_size": "auto",
	"gradient_accumulation_steps": "auto",
	"train_micro_batch_size_per_gpu": "auto",
	"bf16": {
		"enabled": "true"
	},
	"gradient_clipping": 0.0,
	"zero_optimization": {
		"stage": 2,
		"offload_param": {
		  "device": "none"
		},
		"offload_optimizer": {
		  "device": "none"
		},
		"allgather_partitions": true,
		"allgather_bucket_size": 5e8,
		"contiguous_gradients": true
	},
	"data_types": {
		"grad_accum_dtype": "fp32"
	}
}