{
  "flops_profiler": {
    "enabled": false,
    "profile_step": 1,
    "module_depth": -1,
    "top_modules": 1,
    "detailed": true,
    "output_file": null
    },
    "train_batch_size": "auto",
    "gradient_accumulation_steps": "auto",
    "train_micro_batch_size_per_gpu": "auto",
    "bf16": {
        "enabled": "true"
    },
    "gradient_clipping": 1.0,
    "zero_optimization": {
        "stage": 2,
        "offload_param": {
          "device": "cpu"
        },
        "offload_optimizer": {
          "device": "cpu"
        },
        "allgather_partitions": true,
        "allgather_bucket_size": 5e8,
        "contiguous_gradients": true
    },
    "scheduler": {
       "type": "WarmupCosineLR",
      "params": {
          "warmup_min_ratio": "auto",
          "warmup_num_steps": "auto",
          "total_num_steps": "auto",
          "warmup_type": "linear",
          "cos_min_ratio": 0.0
      }
  },
    "optimizer": {
      "type": "Adam",
      "params": {
          "lr": "auto",
          "weight_decay": "auto",
          "torch_adam": true,
          "adam_w_mode": true
      }
  }
}